product_id,category,unit_price,product_key
PROD_0914,Beauty,406.71,1
PROD_0183,Beauty,22.62,2
PROD_0585,Electronics,179.31,3
PROD_0034,Beauty,207.13,4
PROD_0624,Home Garden,106.86,5
PROD_0870,Electronics,489.32,6
PROD_0139,Home Garden,317.01,7
PROD_0771,Beauty,451.53,8
PROD_0892,Electronics,83.9,9
PROD_0868,Sports,125.4,10
PROD_0632,Apparel,12.07,11
PROD_0643,Beauty,33.47,12
PROD_0563,Electronics,281.56,13
PROD_0909,Beauty,331.46,14
PROD_0561,Apparel,240.71,15
PROD_0321,Beauty,9.07,16
PROD_0966,Apparel,80.04,17
PROD_0472,Beauty,361.39,18
PROD_0228,Electronics,314.51,19
PROD_0093,Apparel,103.82,20
PROD_0097,Sports,259.91,21
PROD_0674,Electronics,438.71,22
PROD_0096,Sports,203.65,23
PROD_0990,Home Garden,145.71,24
PROD_0371,Electronics,461.86,25
PROD_0117,Home Garden,484.07,26
PROD_0520,Electronics,80.84,27
PROD_0540,Electronics,313.47,28
PROD_0186,Sports,49.55,29
PROD_0022,Apparel,236.01,30
PROD_0956,Home Garden,190.98,31
PROD_0313,Electronics,90.02,32
PROD_0896,Electronics,175.02,33
PROD_0852,Apparel,382.88,34
PROD_0447,Electronics,107.62,35
PROD_0277,Electronics,70.45,36
PROD_0571,Electronics,333.21,37
PROD_0851,Home Garden,111.23,38
PROD_0203,Beauty,302.76,39
PROD_0046,Beauty,37.66,40
PROD_0863,Apparel,346.61,41
PROD_0308,Apparel,473.14,42
PROD_0784,Electronics,466.55,43
PROD_0721,Sports,37.8,44
PROD_0101,Home Garden,124.55,45
PROD_0482,Home Garden,382.03,46
PROD_0333,Home Garden,132.5,47
PROD_0511,Apparel,333.18,48
PROD_0014,Sports,458.85,49
PROD_0653,Beauty,158.1,50
PROD_0621,Apparel,364.06,51
PROD_0786,Apparel,494.0,52
PROD_0376,Beauty,140.09,53
PROD_0470,Home Garden,161.07,54
PROD_0560,Apparel,341.18,55
PROD_0049,Electronics,405.24,56
PROD_0794,Apparel,463.59,57
PROD_0319,Electronics,373.65,58
PROD_0332,Apparel,252.73,59
PROD_0481,Electronics,497.39,60
PROD_0907,Beauty,437.09,61
PROD_0423,Sports,203.62,62
PROD_0613,Apparel,423.5,63
PROD_0548,Electronics,329.47,64
PROD_0432,Beauty,322.23,65
PROD_0222,Apparel,251.19,66
PROD_0737,Home Garden,253.83,67
PROD_0992,Home Garden,289.36,68
PROD_0039,Electronics,370.65,69
PROD_0290,Electronics,175.78,70
PROD_0491,Electronics,231.42,71
PROD_0785,Beauty,170.14,72
PROD_0840,Electronics,38.65,73
PROD_0123,Sports,74.74,74
PROD_0935,Apparel,317.5,75
PROD_0104,Apparel,426.33,76
PROD_0959,Home Garden,33.76,77
PROD_0681,Electronics,126.39,78
PROD_0439,Beauty,146.54,79
PROD_0407,Apparel,258.38,80
PROD_0807,Electronics,477.58,81
PROD_0405,Home Garden,319.86,82
PROD_0637,Home Garden,430.45,83
PROD_0180,Apparel,323.23,84
PROD_0697,Electronics,422.77,85
PROD_0823,Electronics,316.68,86
PROD_0345,Home Garden,187.91,87
PROD_0301,Home Garden,228.59,88
PROD_0938,Home Garden,244.88,89
PROD_0906,Sports,75.61,90
PROD_0070,Electronics,148.85,91
PROD_0985,Apparel,361.95,92
PROD_0790,Apparel,479.66,93
PROD_0281,Electronics,73.38,94
PROD_0400,Home Garden,292.6,95
PROD_0565,Electronics,81.86,96
PROD_0591,Apparel,13.38,97
PROD_0424,Apparel,11.86,98
PROD_0810,Electronics,164.93,99
PROD_0381,Electronics,134.93,100
PROD_0676,Apparel,281.19,101
PROD_0584,Apparel,9.58,102
PROD_0806,Beauty,164.52,103
PROD_0791,Beauty,62.21,104
PROD_0727,Apparel,203.47,105
PROD_0137,Electronics,390.58,106
PROD_0876,Electronics,134.99,107
PROD_0152,Electronics,89.27,108
PROD_0076,Apparel,256.74,109
PROD_0260,Electronics,457.44,110
PROD_0715,Apparel,401.44,111
PROD_0927,Apparel,382.31,112
PROD_0453,Apparel,157.47,113
PROD_0993,Home Garden,14.79,114
PROD_0109,Sports,45.96,115
PROD_0244,Beauty,35.58,116
PROD_0166,Electronics,256.21,117
PROD_0665,Apparel,410.21,118
PROD_0691,Apparel,125.62,119
PROD_0165,Electronics,37.99,120
PROD_0019,Apparel,124.56,121
PROD_0541,Apparel,499.52,122
PROD_0329,Apparel,415.85,123
PROD_0593,Home Garden,336.9,124
PROD_0339,Electronics,215.15,125
PROD_0466,Electronics,375.24,126
PROD_0629,Apparel,344.04,127
PROD_0976,Apparel,10.2,128
PROD_0968,Apparel,286.14,129
PROD_0265,Beauty,327.51,130
PROD_0091,Beauty,242.85,131
PROD_0836,Apparel,127.39,132
PROD_0741,Beauty,495.63,133
PROD_0736,Electronics,131.37,134
PROD_0309,Electronics,208.64,135
PROD_0359,Apparel,456.2,136
PROD_0580,Home Garden,300.27,137
PROD_0542,Sports,103.83,138
PROD_0710,Apparel,146.44,139
PROD_0208,Electronics,250.89,140
PROD_0889,Home Garden,179.29,141
PROD_0762,Electronics,435.55,142
PROD_0877,Electronics,265.9,143
PROD_0286,Electronics,152.53,144
PROD_0650,Sports,84.96,145
PROD_0092,Apparel,22.91,146
PROD_0531,Sports,8.11,147
PROD_0998,Electronics,104.77,148
PROD_0979,Beauty,270.95,149
PROD_0365,Sports,393.76,150
PROD_0953,Electronics,323.84,151
PROD_0159,Electronics,483.37,152
PROD_0917,Electronics,108.15,153
PROD_0235,Sports,120.92,154
PROD_0140,Apparel,258.74,155
PROD_0404,Home Garden,82.65,156
PROD_0373,Home Garden,481.42,157
PROD_0204,Electronics,435.52,158
PROD_0042,Apparel,481.69,159
PROD_0360,Home Garden,240.04,160
PROD_0905,Apparel,356.35,161
PROD_0857,Apparel,68.17,162
PROD_0675,Electronics,489.36,163
PROD_0387,Home Garden,170.02,164
PROD_0708,Apparel,370.48,165
PROD_0029,Home Garden,165.35,166
PROD_0532,Electronics,341.22,167
PROD_0530,Electronics,467.47,168
PROD_0854,Beauty,75.84,169
PROD_0579,Apparel,203.44,170
PROD_0533,Beauty,430.62,171
PROD_0211,Home Garden,419.35,172
PROD_0557,Sports,482.9,173
PROD_0053,Apparel,263.34,174
PROD_0131,Apparel,374.07,175
PROD_0951,Apparel,245.6,176
PROD_0928,Home Garden,276.52,177
PROD_0179,Sports,422.74,178
PROD_0808,Home Garden,50.54,179
PROD_0054,Apparel,83.46,180
PROD_0089,Apparel,178.81,181
PROD_0989,Home Garden,444.68,182
PROD_0209,Apparel,83.4,183
PROD_0261,Apparel,280.18,184
PROD_0221,Sports,5.08,185
PROD_0509,Home Garden,404.9,186
PROD_0403,Home Garden,128.69,187
PROD_0874,Electronics,444.77,188
PROD_0528,Home Garden,344.08,189
PROD_0921,Electronics,450.82,190
PROD_0805,Home Garden,408.35,191
PROD_0922,Apparel,58.98,192
PROD_0327,Home Garden,267.64,193
PROD_0356,Apparel,470.5,194
PROD_0779,Sports,444.95,195
PROD_0502,Apparel,197.67,196
PROD_0105,Apparel,151.64,197
PROD_0706,Apparel,303.93,198
PROD_0355,Home Garden,252.86,199
PROD_0210,Apparel,493.66,200
PROD_0514,Apparel,317.94,201
PROD_0475,Apparel,199.15,202
PROD_0175,Electronics,413.05,203
PROD_0986,Apparel,410.03,204
PROD_0670,Beauty,213.76,205
PROD_0454,Electronics,461.53,206
PROD_0830,Apparel,414.46,207
PROD_0522,Electronics,334.47,208
PROD_0500,Apparel,472.14,209
PROD_0114,Sports,253.27,210
PROD_0247,Beauty,143.79,211
PROD_0485,Home Garden,294.14,212
PROD_0944,Electronics,293.3,213
PROD_0452,Electronics,452.76,214
PROD_0324,Beauty,219.76,215
PROD_0555,Sports,227.24,216
PROD_0709,Electronics,473.64,217
PROD_0750,Sports,68.05,218
PROD_0464,Beauty,269.82,219
PROD_0167,Home Garden,373.36,220
PROD_0088,Sports,231.01,221
PROD_0028,Electronics,386.62,222
PROD_0326,Electronics,469.43,223
PROD_0768,Apparel,193.28,224
PROD_0275,Sports,49.12,225
PROD_0493,Electronics,172.9,226
PROD_0214,Beauty,176.15,227
PROD_0970,Apparel,324.84,228
PROD_0636,Electronics,285.72,229
PROD_0549,Apparel,377.6,230
PROD_0984,Beauty,40.7,231
PROD_0121,Electronics,198.99,232
PROD_0609,Sports,250.91,233
PROD_0194,Home Garden,371.19,234
PROD_0775,Apparel,360.55,235
PROD_0826,Beauty,16.3,236
PROD_0069,Apparel,268.36,237
PROD_0460,Apparel,161.97,238
PROD_0946,Home Garden,217.33,239
PROD_0040,Home Garden,138.62,240
PROD_0234,Apparel,370.0,241
PROD_0258,Electronics,408.28,242
PROD_0195,Beauty,465.25,243
PROD_0298,Electronics,366.49,244
PROD_0238,Beauty,289.58,245
PROD_0027,Apparel,120.52,246
PROD_0795,Beauty,304.66,247
PROD_0825,Beauty,68.64,248
PROD_0816,Electronics,313.68,249
PROD_0717,Apparel,402.85,250
PROD_0861,Electronics,165.34,251
PROD_0408,Apparel,323.99,252
PROD_0539,Apparel,155.15,253
PROD_0977,Home Garden,429.16,254
PROD_0954,Home Garden,446.17,255
PROD_0206,Sports,293.23,256
PROD_0082,Electronics,368.66,257
PROD_0314,Sports,430.24,258
PROD_0707,Apparel,311.11,259
PROD_0949,Home Garden,218.97,260
PROD_0862,Apparel,88.9,261
PROD_0845,Apparel,21.58,262
PROD_0545,Beauty,437.61,263
PROD_0996,Electronics,97.49,264
PROD_0497,Apparel,278.04,265
PROD_0738,Home Garden,190.96,266
PROD_0018,Apparel,344.1,267
PROD_0322,Apparel,64.51,268
PROD_0749,Apparel,447.74,269
PROD_0343,Home Garden,98.84,270
PROD_0224,Electronics,125.76,271
PROD_0205,Apparel,221.23,272
PROD_0264,Electronics,367.23,273
PROD_0190,Apparel,246.96,274
PROD_0711,Home Garden,414.33,275
PROD_0599,Beauty,80.16,276
PROD_0595,Electronics,143.62,277
PROD_0440,Beauty,355.61,278
PROD_0112,Apparel,206.13,279
PROD_0950,Electronics,279.52,280
PROD_0368,Electronics,388.51,281
PROD_0045,Apparel,281.02,282
PROD_0925,Apparel,139.26,283
PROD_0436,Apparel,468.12,284
PROD_0396,Home Garden,436.21,285
PROD_0698,Sports,86.22,286
PROD_0306,Beauty,154.15,287
PROD_0720,Sports,346.86,288
PROD_0671,Beauty,396.17,289
PROD_0450,Home Garden,81.67,290
PROD_0547,Home Garden,111.45,291
PROD_0363,Home Garden,336.32,292
PROD_0051,Beauty,311.22,293
PROD_0406,Beauty,180.79,294
PROD_0113,Sports,144.26,295
PROD_0661,Apparel,365.02,296
PROD_0919,Electronics,110.73,297
PROD_0364,Apparel,226.34,298
PROD_0669,Beauty,300.77,299
PROD_0451,Apparel,96.97,300
PROD_0692,Apparel,221.98,301
PROD_0015,Beauty,327.16,302
PROD_0256,Home Garden,244.16,303
PROD_0858,Apparel,293.6,304
PROD_0341,Beauty,57.16,305
PROD_0253,Home Garden,255.81,306
PROD_0537,Electronics,263.64,307
PROD_0323,Sports,302.87,308
PROD_0604,Electronics,358.77,309
PROD_0199,Beauty,230.35,310
PROD_0401,Beauty,267.16,311
PROD_0847,Apparel,367.36,312
PROD_0690,Apparel,319.04,313
PROD_0535,Sports,103.39,314
PROD_0413,Home Garden,93.94,315
PROD_0320,Apparel,275.76,316
PROD_0714,Electronics,461.53,317
PROD_0007,Home Garden,50.52,318
PROD_0254,Beauty,459.46,319
PROD_0975,Beauty,257.77,320
PROD_0094,Apparel,283.24,321
PROD_0725,Home Garden,53.02,322
PROD_0518,Home Garden,44.41,323
PROD_0677,Electronics,323.89,324
PROD_0349,Apparel,13.3,325
PROD_0855,Home Garden,288.24,326
PROD_0402,Home Garden,89.8,327
PROD_0411,Sports,267.48,328
PROD_0610,Home Garden,450.52,329
PROD_0704,Beauty,310.32,330
PROD_0799,Electronics,5.84,331
PROD_0577,Home Garden,414.35,332
PROD_0392,Apparel,438.67,333
PROD_0694,Home Garden,156.12,334
PROD_0767,Apparel,247.58,335
PROD_0546,Sports,55.18,336
PROD_0374,Beauty,155.87,337
PROD_0620,Home Garden,491.24,338
PROD_0781,Home Garden,425.93,339
PROD_0172,Apparel,248.18,340
PROD_0846,Electronics,104.06,341
PROD_0866,Home Garden,485.83,342
PROD_0153,Apparel,241.14,343
PROD_0282,Home Garden,481.54,344
PROD_0601,Apparel,348.54,345
PROD_0020,Electronics,30.31,346
PROD_0660,Electronics,337.47,347
PROD_0885,Electronics,307.25,348
PROD_0819,Apparel,419.77,349
PROD_0310,Beauty,491.1,350
PROD_0796,Apparel,355.59,351
PROD_0726,Apparel,412.44,352
PROD_0730,Apparel,472.23,353
PROD_0157,Beauty,342.98,354
PROD_0553,Electronics,235.24,355
PROD_0257,Electronics,195.17,356
PROD_0831,Beauty,131.01,357
PROD_0913,Sports,230.93,358
PROD_0005,Beauty,380.03,359
PROD_0538,Apparel,398.0,360
PROD_0068,Home Garden,187.5,361
PROD_0567,Beauty,338.5,362
PROD_0033,Apparel,102.64,363
PROD_0745,Home Garden,454.42,364
PROD_0220,Apparel,417.97,365
PROD_0063,Apparel,366.97,366
PROD_0649,Electronics,268.1,367
PROD_0821,Sports,493.73,368
PROD_0575,Sports,229.93,369
PROD_0648,Beauty,8.76,370
PROD_0740,Beauty,183.57,371
PROD_0753,Beauty,235.82,372
PROD_0330,Sports,284.52,373
PROD_0419,Home Garden,142.01,374
PROD_0696,Home Garden,471.42,375
PROD_0230,Apparel,258.78,376
PROD_0273,Apparel,386.42,377
PROD_0552,Apparel,441.57,378
PROD_0841,Beauty,79.35,379
PROD_0590,Sports,477.3,380
PROD_0242,Electronics,149.56,381
PROD_0389,Beauty,106.87,382
PROD_0924,Home Garden,14.76,383
PROD_0353,Electronics,133.8,384
PROD_0578,Apparel,75.3,385
PROD_0596,Apparel,303.57,386
PROD_0687,Beauty,490.99,387
PROD_0815,Apparel,229.99,388
PROD_0732,Home Garden,220.74,389
PROD_0880,Sports,299.76,390
PROD_0867,Home Garden,399.2,391
PROD_0583,Beauty,354.9,392
PROD_0887,Apparel,322.29,393
PROD_0911,Sports,259.45,394
PROD_0529,Home Garden,232.01,395
PROD_0598,Apparel,302.53,396
PROD_0659,Home Garden,27.27,397
PROD_0842,Apparel,361.04,398
PROD_0703,Apparel,435.31,399
PROD_0315,Apparel,251.64,400
PROD_0910,Electronics,210.43,401
PROD_0705,Home Garden,55.96,402
PROD_0059,Sports,489.52,403
PROD_0871,Beauty,68.15,404
PROD_0095,Home Garden,367.88,405
PROD_0318,Home Garden,168.58,406
PROD_0743,Apparel,454.89,407
PROD_0945,Home Garden,234.91,408
PROD_0011,Beauty,328.71,409
PROD_0032,Electronics,55.54,410
PROD_0651,Beauty,12.37,411
PROD_0317,Electronics,403.26,412
PROD_0607,Apparel,237.64,413
PROD_0587,Apparel,135.19,414
PROD_0050,Apparel,366.78,415
PROD_0517,Apparel,392.35,416
PROD_0802,Home Garden,22.81,417
PROD_0361,Apparel,333.43,418
PROD_0170,Electronics,78.4,419
PROD_0354,Apparel,294.07,420
PROD_0828,Electronics,474.65,421
PROD_0154,Home Garden,427.41,422
PROD_0890,Home Garden,347.76,423
PROD_0136,Apparel,485.08,424
PROD_0734,Beauty,182.42,425
PROD_0118,Electronics,251.05,426
PROD_0024,Apparel,65.14,427
PROD_0066,Apparel,438.09,428
PROD_0933,Apparel,35.44,429
PROD_0723,Home Garden,413.07,430
PROD_0937,Electronics,28.01,431
PROD_0052,Sports,288.89,432
PROD_0886,Electronics,138.69,433
PROD_0742,Apparel,300.67,434
PROD_0467,Beauty,260.43,435
PROD_0492,Home Garden,108.48,436
PROD_0087,Apparel,449.62,437
PROD_0026,Apparel,210.05,438
PROD_0142,Home Garden,478.52,439
PROD_0126,Electronics,296.4,440
PROD_0589,Home Garden,357.11,441
PROD_0617,Home Garden,38.27,442
PROD_0295,Apparel,42.1,443
PROD_0001,Electronics,395.53,444
PROD_0686,Electronics,131.27,445
PROD_0227,Beauty,125.43,446
PROD_0168,Sports,203.21,447
PROD_0399,Beauty,239.13,448
PROD_0834,Apparel,47.73,449
PROD_0931,Home Garden,195.36,450
PROD_0645,Beauty,160.04,451
PROD_0824,Home Garden,102.31,452
PROD_0414,Apparel,430.22,453
PROD_0307,Beauty,264.12,454
PROD_0688,Home Garden,467.77,455
PROD_0777,Apparel,425.23,456
PROD_0160,Sports,486.1,457
PROD_0827,Electronics,243.09,458
PROD_0225,Electronics,413.53,459
PROD_0289,Beauty,408.97,460
PROD_0188,Home Garden,220.75,461
PROD_0526,Electronics,76.01,462
PROD_0098,Home Garden,423.74,463
PROD_0940,Apparel,258.55,464
PROD_0444,Electronics,30.98,465
PROD_0908,Apparel,369.29,466
PROD_0646,Apparel,124.61,467
PROD_0426,Apparel,19.86,468
PROD_0483,Electronics,211.66,469
PROD_0135,Electronics,245.54,470
PROD_0712,Beauty,460.82,471
PROD_0716,Apparel,439.21,472
PROD_0083,Apparel,58.49,473
PROD_0967,Home Garden,289.64,474
PROD_0002,Beauty,477.91,475
PROD_0233,Electronics,277.82,476
PROD_0987,Sports,203.28,477
PROD_0198,Electronics,262.48,478
PROD_0369,Apparel,424.43,479
PROD_0900,Home Garden,152.46,480
PROD_0065,Home Garden,83.15,481
PROD_0048,Sports,330.97,482
PROD_0597,Electronics,276.17,483
PROD_0594,Sports,206.4,484
PROD_0971,Beauty,174.97,485
PROD_0958,Electronics,241.2,486
PROD_0138,Home Garden,322.93,487
PROD_0700,Home Garden,432.32,488
PROD_0758,Home Garden,434.42,489
PROD_0728,Home Garden,419.63,490
PROD_0832,Home Garden,221.41,491
PROD_0003,Home Garden,243.65,492
PROD_0421,Apparel,175.81,493
PROD_0948,Apparel,363.13,494
PROD_0803,Apparel,430.01,495
PROD_0148,Electronics,134.12,496
PROD_0239,Home Garden,288.03,497
PROD_0292,Electronics,278.11,498
PROD_0915,Home Garden,210.58,499
PROD_0943,Apparel,132.01,500
PROD_0507,Sports,80.05,501
PROD_0037,Home Garden,30.77,502
PROD_0961,Beauty,425.61,503
PROD_0409,Apparel,212.27,504
PROD_1000,Beauty,90.31,505
PROD_0683,Electronics,403.22,506
PROD_0853,Electronics,367.56,507
PROD_0848,Sports,452.22,508
PROD_0856,Apparel,201.78,509
PROD_0084,Electronics,480.44,510
PROD_0929,Beauty,388.19,511
PROD_0755,Home Garden,46.27,512
PROD_0372,Home Garden,83.7,513
PROD_0764,Apparel,411.93,514
PROD_0056,Home Garden,107.32,515
PROD_0455,Home Garden,478.85,516
PROD_0379,Beauty,423.71,517
PROD_0240,Apparel,282.79,518
PROD_0630,Apparel,68.4,519
PROD_0685,Electronics,264.94,520
PROD_0957,Apparel,389.05,521
PROD_0573,Electronics,262.04,522
PROD_0496,Beauty,143.52,523
PROD_0505,Electronics,274.84,524
PROD_0036,Home Garden,452.42,525
PROD_0934,Electronics,352.11,526
PROD_0642,Home Garden,471.19,527
PROD_0564,Home Garden,283.47,528
PROD_0835,Electronics,344.96,529
PROD_0895,Apparel,387.01,530
PROD_0236,Electronics,18.07,531
PROD_0278,Beauty,55.96,532
PROD_0879,Home Garden,364.6,533
PROD_0367,Electronics,218.41,534
PROD_0127,Electronics,150.27,535
PROD_0279,Apparel,240.17,536
PROD_0252,Apparel,441.98,537
PROD_0701,Beauty,39.23,538
PROD_0628,Electronics,31.52,539
PROD_0147,Electronics,129.59,540
PROD_0226,Apparel,128.9,541
PROD_0788,Home Garden,444.39,542
PROD_0108,Electronics,243.01,543
PROD_0348,Home Garden,407.06,544
PROD_0041,Home Garden,193.29,545
PROD_0276,Apparel,264.47,546
PROD_0600,Sports,37.19,547
PROD_0196,Apparel,231.31,548
PROD_0192,Apparel,295.19,549
PROD_0178,Apparel,64.18,550
PROD_0798,Electronics,184.71,551
PROD_0899,Electronics,465.18,552
PROD_0543,Electronics,452.35,553
PROD_0536,Apparel,118.6,554
PROD_0382,Beauty,474.34,555
PROD_0283,Apparel,378.24,556
PROD_0920,Apparel,5.99,557
PROD_0340,Electronics,344.92,558
PROD_0756,Electronics,215.53,559
PROD_0057,Sports,110.61,560
PROD_0626,Home Garden,38.85,561
PROD_0752,Electronics,60.56,562
PROD_0850,Electronics,288.5,563
PROD_0004,Apparel,497.2,564
PROD_0962,Electronics,89.25,565
PROD_0216,Beauty,400.59,566
PROD_0498,Beauty,455.47,567
PROD_0614,Beauty,119.73,568
PROD_0663,Apparel,398.71,569
PROD_0724,Apparel,95.15,570
PROD_0358,Beauty,87.62,571
PROD_0729,Apparel,358.14,572
PROD_0757,Apparel,324.27,573
PROD_0534,Beauty,36.52,574
PROD_0682,Electronics,344.0,575
PROD_0501,Electronics,234.22,576
PROD_0185,Home Garden,358.16,577
PROD_0316,Home Garden,304.56,578
PROD_0119,Electronics,382.22,579
PROD_0804,Apparel,172.51,580
PROD_0438,Apparel,12.68,581
PROD_0581,Home Garden,216.86,582
PROD_0829,Home Garden,399.13,583
PROD_0125,Apparel,271.76,584
PROD_0124,Electronics,343.57,585
PROD_0926,Beauty,333.31,586
PROD_0462,Sports,116.69,587
PROD_0074,Apparel,424.55,588
PROD_0079,Sports,345.48,589
PROD_0370,Apparel,148.51,590
PROD_0684,Electronics,103.07,591
PROD_0489,Beauty,467.96,592
PROD_0994,Apparel,40.34,593
PROD_0503,Apparel,48.13,594
PROD_0288,Beauty,138.37,595
PROD_0013,Electronics,133.5,596
PROD_0765,Electronics,98.75,597
PROD_0713,Apparel,410.79,598
PROD_0570,Beauty,336.25,599
PROD_0982,Electronics,289.84,600
PROD_0219,Apparel,40.47,601
PROD_0772,Apparel,413.83,602
PROD_0291,Beauty,354.67,603
PROD_0246,Electronics,249.32,604
PROD_0882,Apparel,105.68,605
PROD_0207,Electronics,247.18,606
PROD_0983,Electronics,56.48,607
PROD_0606,Apparel,278.38,608
PROD_0997,Electronics,64.43,609
PROD_0418,Apparel,25.54,610
PROD_0021,Apparel,144.78,611
PROD_0272,Beauty,150.12,612
PROD_0456,Electronics,214.92,613
PROD_0504,Electronics,278.59,614
PROD_0427,Home Garden,230.1,615
PROD_0809,Beauty,265.32,616
PROD_0800,Electronics,239.58,617
PROD_0009,Apparel,264.44,618
PROD_0656,Home Garden,419.86,619
PROD_0213,Apparel,128.69,620
PROD_0746,Apparel,233.35,621
PROD_0251,Sports,466.1,622
PROD_0429,Apparel,91.92,623
PROD_0789,Home Garden,73.97,624
PROD_0461,Home Garden,7.9,625
PROD_0174,Apparel,328.79,626
PROD_0303,Apparel,358.75,627
PROD_0625,Home Garden,227.04,628
PROD_0479,Home Garden,157.64,629
PROD_0269,Beauty,411.68,630
PROD_0947,Apparel,406.0,631
PROD_0146,Apparel,69.34,632
PROD_0864,Electronics,154.65,633
PROD_0616,Apparel,87.38,634
PROD_0047,Apparel,220.33,635
PROD_0044,Electronics,414.62,636
PROD_0973,Home Garden,39.33,637
PROD_0623,Apparel,14.33,638
PROD_0657,Electronics,160.62,639
PROD_0519,Electronics,47.97,640
PROD_0245,Apparel,218.65,641
PROD_0433,Home Garden,166.48,642
PROD_0955,Sports,451.56,643
PROD_0811,Home Garden,149.47,644
PROD_0527,Electronics,205.58,645
PROD_0200,Sports,330.14,646
PROD_0090,Sports,63.27,647
PROD_0666,Electronics,39.99,648
PROD_0881,Apparel,453.84,649
PROD_0524,Home Garden,431.5,650
PROD_0377,Apparel,464.44,651
PROD_0006,Electronics,325.2,652
PROD_0923,Electronics,334.12,653
PROD_0107,Apparel,357.06,654
PROD_0516,Apparel,63.34,655
PROD_0458,Apparel,281.35,656
PROD_0347,Home Garden,458.23,657
PROD_0384,Apparel,327.43,658
PROD_0350,Sports,377.62,659
PROD_0459,Beauty,355.61,660
PROD_0813,Electronics,102.42,661
PROD_0128,Home Garden,96.97,662
PROD_0822,Apparel,499.01,663
PROD_0494,Sports,141.89,664
PROD_0633,Apparel,118.44,665
PROD_0760,Electronics,272.67,666
PROD_0559,Electronics,473.76,667
PROD_0974,Beauty,184.33,668
PROD_0888,Electronics,64.32,669
PROD_0680,Electronics,418.73,670
PROD_0060,Beauty,169.79,671
PROD_0468,Sports,179.45,672
PROD_0243,Sports,459.76,673
PROD_0189,Home Garden,104.09,674
PROD_0619,Apparel,381.07,675
PROD_0064,Electronics,481.15,676
PROD_0658,Electronics,165.61,677
PROD_0525,Electronics,6.51,678
PROD_0177,Beauty,197.89,679
PROD_0652,Beauty,97.47,680
PROD_0062,Sports,414.85,681
PROD_0197,Home Garden,86.02,682
PROD_0431,Electronics,103.23,683
PROD_0873,Sports,428.76,684
PROD_0085,Apparel,448.31,685
PROD_0778,Electronics,388.0,686
PROD_0425,Electronics,96.31,687
PROD_0991,Home Garden,13.31,688
PROD_0608,Sports,218.07,689
PROD_0566,Apparel,297.19,690
PROD_0383,Apparel,123.12,691
PROD_0640,Apparel,377.7,692
PROD_0480,Home Garden,421.48,693
PROD_0351,Apparel,387.47,694
PROD_0554,Home Garden,495.65,695
PROD_0556,Apparel,480.94,696
PROD_0695,Sports,358.11,697
PROD_0212,Apparel,348.26,698
PROD_0588,Apparel,348.09,699
PROD_0294,Beauty,459.83,700
PROD_0748,Electronics,263.23,701
PROD_0477,Apparel,289.71,702
PROD_0378,Apparel,476.35,703
PROD_0893,Apparel,398.78,704
PROD_0647,Home Garden,155.68,705
PROD_0739,Beauty,114.48,706
PROD_0719,Electronics,89.27,707
PROD_0679,Apparel,36.05,708
PROD_0398,Home Garden,480.79,709
PROD_0488,Electronics,80.4,710
PROD_0586,Apparel,430.88,711
PROD_0067,Apparel,467.67,712
PROD_0336,Home Garden,367.12,713
PROD_0410,Home Garden,169.65,714
PROD_0259,Home Garden,396.02,715
PROD_0141,Home Garden,492.45,716
PROD_0618,Apparel,67.83,717
PROD_0897,Apparel,15.92,718
PROD_0437,Beauty,64.6,719
PROD_0391,Electronics,187.52,720
PROD_0558,Apparel,69.52,721
PROD_0158,Apparel,169.95,722
PROD_0801,Electronics,189.43,723
PROD_0865,Home Garden,499.41,724
PROD_0110,Apparel,421.47,725
PROD_0344,Apparel,427.61,726
PROD_0134,Sports,435.55,727
PROD_0550,Apparel,402.6,728
PROD_0820,Apparel,491.26,729
PROD_0416,Apparel,409.77,730
PROD_0818,Electronics,227.25,731
PROD_0280,Electronics,90.46,732
PROD_0010,Apparel,6.77,733
PROD_0255,Home Garden,465.69,734
PROD_0150,Apparel,30.49,735
PROD_0506,Apparel,96.43,736
PROD_0284,Home Garden,37.09,737
PROD_0766,Sports,190.98,738
PROD_0161,Electronics,368.54,739
PROD_0271,Home Garden,74.49,740
PROD_0262,Electronics,210.74,741
PROD_0237,Beauty,78.93,742
PROD_0078,Beauty,240.03,743
PROD_0644,Electronics,212.52,744
PROD_0448,Electronics,157.36,745
PROD_0469,Home Garden,212.26,746
PROD_0612,Home Garden,22.49,747
PROD_0305,Home Garden,180.55,748
PROD_0232,Beauty,251.69,749
PROD_0499,Sports,463.42,750
PROD_0030,Beauty,176.19,751
PROD_0263,Apparel,55.26,752
PROD_0375,Electronics,169.21,753
PROD_0241,Electronics,413.34,754
PROD_0191,Sports,172.57,755
PROD_0622,Apparel,338.23,756
PROD_0476,Home Garden,221.0,757
PROD_0981,Apparel,36.66,758
PROD_0869,Home Garden,477.07,759
PROD_0395,Sports,100.68,760
PROD_0229,Electronics,447.85,761
PROD_0576,Apparel,191.47,762
PROD_0473,Beauty,397.69,763
PROD_0722,Home Garden,360.86,764
PROD_0510,Home Garden,122.32,765
PROD_0215,Apparel,306.11,766
PROD_0325,Beauty,254.02,767
PROD_0181,Beauty,272.92,768
PROD_0130,Home Garden,282.89,769
PROD_0776,Home Garden,28.51,770
PROD_0747,Electronics,196.72,771
PROD_0075,Electronics,102.23,772
PROD_0662,Sports,431.05,773
PROD_0942,Electronics,426.45,774
PROD_0217,Electronics,340.77,775
PROD_0120,Sports,217.67,776
PROD_0296,Electronics,156.74,777
PROD_0073,Home Garden,485.7,778
PROD_0995,Home Garden,190.92,779
PROD_0218,Home Garden,121.6,780
PROD_0164,Home Garden,186.94,781
PROD_0043,Apparel,253.16,782
PROD_0115,Apparel,382.37,783
PROD_0143,Sports,289.72,784
PROD_0442,Apparel,5.06,785
PROD_0978,Apparel,335.4,786
PROD_0602,Sports,224.09,787
PROD_0297,Electronics,117.89,788
PROD_0965,Electronics,499.26,789
PROD_0176,Electronics,182.63,790
PROD_0449,Sports,75.12,791
PROD_0634,Apparel,98.13,792
PROD_0849,Electronics,260.89,793
PROD_0792,Sports,392.6,794
PROD_0812,Apparel,89.05,795
PROD_0699,Home Garden,498.41,796
PROD_0655,Home Garden,91.78,797
PROD_0780,Apparel,347.8,798
PROD_0300,Sports,320.89,799
PROD_0902,Apparel,199.13,800
PROD_0490,Home Garden,427.96,801
PROD_0860,Electronics,133.44,802
PROD_0099,Electronics,63.13,803
PROD_0144,Apparel,202.06,804
PROD_0932,Apparel,217.83,805
PROD_0783,Home Garden,366.93,806
PROD_0693,Electronics,213.14,807
PROD_0918,Electronics,69.31,808
PROD_0162,Sports,231.41,809
PROD_0366,Home Garden,454.02,810
PROD_0385,Sports,197.64,811
PROD_0731,Beauty,45.19,812
PROD_0415,Beauty,170.18,813
PROD_0672,Home Garden,491.99,814
PROD_0844,Home Garden,98.9,815
PROD_0435,Electronics,342.84,816
PROD_0859,Apparel,54.87,817
PROD_0202,Apparel,466.67,818
PROD_0770,Apparel,118.15,819
PROD_0562,Home Garden,284.7,820
PROD_0769,Apparel,388.92,821
PROD_0486,Home Garden,428.32,822
PROD_0689,Apparel,340.98,823
PROD_0077,Home Garden,77.94,824
PROD_0963,Electronics,184.27,825
PROD_0193,Electronics,461.31,826
PROD_0362,Electronics,326.02,827
PROD_0939,Electronics,153.42,828
PROD_0287,Electronics,348.72,829
PROD_0434,Beauty,100.87,830
PROD_0654,Electronics,248.61,831
PROD_0569,Electronics,401.02,832
PROD_0357,Apparel,473.57,833
PROD_0328,Electronics,216.72,834
PROD_0267,Beauty,113.58,835
PROD_0884,Sports,202.99,836
PROD_0952,Electronics,462.92,837
PROD_0763,Sports,268.76,838
PROD_0735,Apparel,401.26,839
PROD_0611,Apparel,261.24,840
PROD_0872,Apparel,209.52,841
PROD_0631,Home Garden,10.49,842
PROD_0797,Beauty,70.13,843
PROD_0293,Home Garden,407.3,844
PROD_0673,Beauty,351.03,845
PROD_0129,Apparel,70.92,846
PROD_0960,Home Garden,380.03,847
PROD_0072,Apparel,349.52,848
PROD_0388,Home Garden,95.94,849
PROD_0285,Apparel,260.23,850
PROD_0422,Beauty,448.69,851
PROD_0122,Apparel,35.65,852
PROD_0782,Electronics,474.96,853
PROD_0080,Apparel,347.88,854
PROD_0155,Electronics,305.23,855
PROD_0394,Electronics,254.4,856
PROD_0390,Apparel,205.14,857
PROD_0420,Beauty,363.31,858
PROD_0249,Apparel,133.7,859
PROD_0061,Sports,458.66,860
PROD_0814,Apparel,472.73,861
PROD_0100,Electronics,345.74,862
PROD_0875,Electronics,351.59,863
PROD_0446,Beauty,480.35,864
PROD_0268,Beauty,229.71,865
PROD_0523,Electronics,140.86,866
PROD_0718,Apparel,361.26,867
PROD_0081,Electronics,45.09,868
PROD_0817,Apparel,206.15,869
PROD_0035,Beauty,370.56,870
PROD_0903,Apparel,23.33,871
PROD_0086,Apparel,248.06,872
PROD_0551,Sports,44.69,873
PROD_0274,Home Garden,375.42,874
PROD_0843,Apparel,489.39,875
PROD_0441,Electronics,469.73,876
PROD_0346,Apparel,279.3,877
PROD_0751,Beauty,434.97,878
PROD_0941,Beauty,209.1,879
PROD_0151,Electronics,494.1,880
PROD_0901,Electronics,229.19,881
PROD_0894,Home Garden,34.43,882
PROD_0106,Apparel,363.7,883
PROD_0133,Electronics,472.6,884
PROD_0592,Apparel,228.35,885
PROD_0270,Apparel,466.3,886
PROD_0761,Sports,247.72,887
PROD_0930,Home Garden,396.19,888
PROD_0443,Apparel,234.1,889
PROD_0513,Apparel,94.91,890
PROD_0898,Electronics,161.71,891
PROD_0149,Electronics,75.45,892
PROD_0023,Home Garden,390.38,893
PROD_0702,Home Garden,493.07,894
PROD_0184,Electronics,87.48,895
PROD_0515,Home Garden,346.84,896
PROD_0352,Electronics,345.37,897
PROD_0484,Sports,333.19,898
PROD_0380,Home Garden,105.98,899
PROD_0145,Home Garden,149.87,900
PROD_0334,Beauty,158.83,901
PROD_0132,Sports,63.06,902
PROD_0969,Electronics,77.66,903
PROD_0980,Apparel,468.93,904
PROD_0787,Electronics,259.93,905
PROD_0793,Electronics,494.14,906
PROD_0338,Beauty,453.98,907
PROD_0474,Apparel,146.36,908
PROD_0223,Beauty,43.37,909
PROD_0017,Apparel,243.03,910
PROD_0639,Apparel,253.29,911
PROD_0025,Home Garden,190.48,912
PROD_0428,Sports,262.96,913
PROD_0904,Apparel,198.55,914
PROD_0891,Beauty,494.91,915
PROD_0299,Sports,12.24,916
PROD_0304,Home Garden,87.14,917
PROD_0457,Home Garden,31.51,918
PROD_0508,Apparel,337.36,919
PROD_0568,Electronics,16.37,920
PROD_0878,Sports,149.65,921
PROD_0342,Apparel,339.54,922
PROD_0266,Home Garden,91.23,923
PROD_0572,Electronics,114.21,924
PROD_0635,Apparel,40.72,925
PROD_0055,Apparel,304.28,926
PROD_0302,Beauty,34.12,927
PROD_0103,Apparel,489.3,928
PROD_0012,Home Garden,466.8,929
PROD_0058,Beauty,399.64,930
PROD_0774,Beauty,261.54,931
PROD_0916,Home Garden,258.01,932
PROD_0163,Electronics,135.83,933
PROD_0386,Electronics,29.74,934
PROD_0182,Apparel,356.36,935
PROD_0430,Electronics,171.4,936
PROD_0111,Home Garden,74.55,937
PROD_0478,Electronics,22.69,938
PROD_0839,Beauty,220.52,939
PROD_0417,Electronics,52.45,940
PROD_0116,Electronics,321.36,941
PROD_0833,Apparel,294.35,942
PROD_0883,Electronics,189.17,943
PROD_0605,Home Garden,7.51,944
PROD_0250,Home Garden,452.04,945
PROD_0754,Sports,362.81,946
PROD_0988,Apparel,88.72,947
PROD_0603,Sports,314.47,948
PROD_0397,Home Garden,191.06,949
PROD_0008,Electronics,308.69,950
PROD_0445,Beauty,230.6,951
PROD_0972,Home Garden,160.58,952
PROD_0668,Apparel,204.18,953
PROD_0521,Beauty,211.91,954
PROD_0463,Beauty,166.99,955
PROD_0912,Apparel,454.42,956
PROD_0393,Apparel,128.16,957
PROD_0311,Apparel,85.77,958
PROD_0465,Apparel,400.96,959
PROD_0512,Home Garden,444.42,960
PROD_0964,Apparel,32.06,961
PROD_0999,Apparel,324.13,962
PROD_0759,Electronics,174.8,963
PROD_0248,Apparel,131.36,964
PROD_0837,Electronics,281.65,965
PROD_0582,Apparel,254.77,966
PROD_0773,Apparel,289.88,967
PROD_0102,Apparel,372.72,968
PROD_0471,Home Garden,423.52,969
PROD_0544,Electronics,314.72,970
PROD_0667,Beauty,218.74,971
PROD_0201,Electronics,417.65,972
PROD_0231,Sports,273.59,973
PROD_0071,Apparel,210.79,974
PROD_0936,Beauty,133.43,975
PROD_0337,Beauty,432.64,976
PROD_0038,Apparel,67.44,977
PROD_0574,Sports,194.99,978
PROD_0412,Home Garden,470.81,979
PROD_0335,Apparel,35.16,980
PROD_0171,Apparel,185.27,981
PROD_0331,Apparel,138.46,982
PROD_0169,Home Garden,310.33,983
PROD_0744,Home Garden,226.29,984
PROD_0678,Apparel,109.37,985
PROD_0495,Apparel,120.18,986
PROD_0173,Sports,121.96,987
PROD_0615,Home Garden,295.79,988
PROD_0031,Apparel,259.97,989
PROD_0664,Apparel,200.47,990
PROD_0733,Apparel,436.7,991
PROD_0627,Sports,202.03,992
PROD_0016,Apparel,73.89,993
PROD_0641,Home Garden,349.1,994
PROD_0638,Electronics,156.98,995
PROD_0156,Electronics,118.83,996
PROD_0487,Home Garden,166.19,997
PROD_0312,Home Garden,334.81,998
PROD_0187,Electronics,487.41,999
PROD_0838,Beauty,199.22,1000
